{
  "project_info": {
    "project_number": "1008146444146",
    "firebase_url": "https://weddingvibesctis.firebaseio.com",
    "project_id": "weddingvibesctis",
    "storage_bucket": "weddingvibesctis.appspot.com"
  },
  "client": [
    {
      "client_info": {
        "mobilesdk_app_id": "1:1008146444146:android:60ddd399dd9ea4657ef7eb",
        "android_client_info": {
          "package_name": "com.android.weddingvibes"
        }
      },
      "oauth_client": [
        {
          "client_id": "1008146444146-okt4pdle327n6fpnnl4mqdla3fl9n1qr.apps.googleusercontent.com",
          "client_type": 3
        }
      ],
      "api_key": [
        {
          "current_key": "AIzaSyAUSxLCWeSA9qT8kvVoSrJq6-wDQKlR45U"
        }
      ],
      "services": {
        "appinvite_service": {
          "other_platform_oauth_client": [
            {
              "client_id": "1008146444146-okt4pdle327n6fpnnl4mqdla3fl9n1qr.apps.googleusercontent.com",
              "client_type": 3
            }
          ]
        }
      }
    }
  ],
  "configuration_version": "1"
}